Alja Mrak-Tadel <amraktadel@ucsd.edu> Alja MRak-Tadel <alja@xrd-cache-1.t2.ucsd.edu>
Alja Mrak-Tadel <amraktadel@ucsd.edu> alja <alja@phiphi.t2.ucsd.edu>
Alja Mrak-Tadel <amraktadel@ucsd.edu> alja <alja@uclhc-dev.t2.ucsd.edu>
Alja Mrak-Tadel <amraktadel@ucsd.edu> alja <amraktadel@ucsd.edu>
Andreas Joachim Peters <andreas.joachim.peters@cern.ch> Andreas Peters <Andreas.Joachim.Peters@cern.ch>
Andreas Joachim Peters <andreas.joachim.peters@cern.ch> Andreas Peters <andreas.joachim.peters@cern.ch>
Andreas Joachim Peters <andreas.joachim.peters@cern.ch> Andreas-Joachim Peters <andreas.joachim.peters@cern.ch>
Andrew Hanushevsky <abh@slac.stanford.edu> <abh@stanford.edu>
Artem Harutyunyan <hartem@qualys.com> <aharutyunyan@qualys.com>
Brian Bockelman <bbockelm@cse.unl.edu> Brian P Bockelman <bbockelm@cse.unl.edu>
Brian Bockelman <bbockelman@morgridge.org> Brian P Bockelman <bbockelman@morgridge.org>
Cedric Caffy <cedric.caffy@cern.ch> ccaffy <85744538+ccaffy@users.noreply.github.com>
Chris Burr <christopher.burr@cern.ch> Chris Burr <chrisburr@users.noreply.github.com>
Chris Green <greenc@fnal.gov> <artists@fnal.gov>
David Smith <david.smith@cern.ch> <David.Smith@cern.ch>
David Smith <david.smith@cern.ch> David Smith <dhsmith@pmpe01.cern.ch>
Ed J <mohawk2@users.noreply.github.com>
Edgar Fajardo <efajardo@physics.ucsd.edu> <efajardo@users.noreply.github.com> efajardo <efajardo@physics.ucsd.edu>
Edgar Fajardo <efajardo@physics.ucsd.edu> efajardo <efajardo@physics.ucsd.edu>
Elvin Sindrilaru <esindril@cern.ch> <elvin.sindrilaru@gmail.com>
Fabrizio Furano <furano@cern.ch> Fabrizio Furano <fabrizio.furano@gmail.com>
Fabrizio Furano <furano@cern.ch> Fabrizio Furano <furano@lxplus0138.cern.ch>
Fabrizio Furano <furano@cern.ch> Fabrizio Furano <furano@lxplus060.cern.ch>
Fabrizio Furano <furano@cern.ch> Fabrizio Furano <furano@pcitgt02.cern.ch>
Fabrizio Furano <furano@cern.ch> ffurano <furano@cern.ch>
Fabrizio Furano <furano@cern.ch> furano <furano@fab-dpm-dev0.cern.ch>
Frank Winklmeier <frank.winklmeier@cern.ch> fwinkl <>
Fritz Mueller <fritzm@slac.stanford.edu> Fritz Mueller <fritzm@fritzm.org>
Gerardo Ganis <gerardo.ganis@cern.ch> Gerardo GANIS <gerardo.ganis@cern.ch>
Gerardo Ganis <gerardo.ganis@cern.ch> Gerri Ganis <ganis@gadamx.(none)>
Gerardo Ganis <gerardo.ganis@cern.ch> Gerri Ganis <ganis@pcphsft64.(none)>
Gerardo Ganis <gerardo.ganis@cern.ch> Gerri Ganis <gerardo.ganis@cern.ch>
Gerardo Ganis <gerardo.ganis@cern.ch> ganis <ganis@macphsft12.cern.ch>
Gerardo Ganis <gerardo.ganis@cern.ch> ganis <gerardo.ganis@cern.ch>
Gerardo Ganis <gerardo.ganis@cern.ch> gganis <gerardo.ganis@gmail.com>
Jacek Becla <becla@slac.stanford.edu> <xrdmon@slac.stanford.edu>
James Walder <james.walder@stfc.ac.uk> snafus <james.walder@gmail.com>
Jan Iven <jan.iven@cern.ch> <iven.jan@gmail.com>
Jozsef Makai <jozsef.makai@cern.ch> <jmakai@cern.ch>
Jozsef Makai <jozsef.makai@cern.ch> Jozsef Makai <jozsef.makai.1992@gmail.com>
Kian-Tat Lim <ktl@slac.stanford.edu> ktlim
Lukasz Janyst <ljanyst@cern.ch> Lukasz Janyst <janyst@gmail.com>
Lukasz Janyst <ljanyst@cern.ch> Lukasz Janyst <ljanyst@buggybrain.net>
Lukasz Janyst <ljanyst@cern.ch> Lukasz Janyst <ljanyst@solbuild01.(none)>
Lukasz Janyst <ljanyst@cern.ch> Lukasz Janyst <xyz@buggybrain.net>
Matevž Tadel <mtadel@ucsd.edu> Matevz Tadel
Matevž Tadel <mtadel@ucsd.edu> Matevž Tadel <osschar@users.noreply.github.com>
Michal Simon <michal.simon@cern.ch> Michal Simon <simonm@idefix.cern.ch>
Michal Simon <michal.simon@cern.ch> Michal Simon <simonm@idefix.dyndns.cern.ch>
Michal Simon <michal.simon@cern.ch> simonmichal <michal.simon@cern.ch>
Nikola Hardi <nikola.hardi@cern.ch> <nhardi@cern.ch>
Nikola Hardi <nikola.hardi@cern.ch> <nhardi@cern.ch>
Paul-Niklas Kramp <p.n.kramp@gsi.de> Paul Kramp <paul-niklas-kramp@web.de>
Paul-Niklas Kramp <p.n.kramp@gsi.de> niklas <niklas@localhost.localdomain>
Paul-Niklas Kramp <p.n.kramp@gsi.de> pkramp <paul-niklas-kramp@web.de>
Remigius Mommsen <remigius.mommsen@cern.ch> mommsen <>
Sebastien Ponce <sebastien.ponce@cern.ch> <Sebastien.Ponce@cern.ch>
Thorsten Kollegger <t.kollegger@gsi.de> TKollegger <t.kollegger@gsi.de>
Wei Yang <yangw@slac.stanford.edu> Wei Yang <wyang007@hotmail.com>
Wei Yang <yangw@slac.stanford.edu> Wei Yang <yangw@atl-prod01.slac.stanford.edu>
Wei Yang <yangw@slac.stanford.edu> Wei Yang <yangw@atlint01.slac.stanford.edu>
Wei Yang <yangw@slac.stanford.edu> Wei Yang <yangw@atlint02.slac.stanford.edu>
Wei Yang <yangw@slac.stanford.edu> Wei Yang <yangw@griddev01.slac.stanford.edu>
Wei Yang <yangw@slac.stanford.edu> Wei Yang <yangw@griddev03.slac.stanford.edu>
Wei Yang <yangw@slac.stanford.edu> Wei Yang <yangw@griddev05.slac.stanford.edu>
Wei Yang <yangw@slac.stanford.edu> Wei Yang <yangw@griddev10.slac.stanford.edu>
Wei Yang <yangw@slac.stanford.edu> Wei Yang <yangw@iris01.slac.stanford.edu>
Wei Yang <yangw@slac.stanford.edu> Wei Yang <yangw@osgserv04.slac.stanford.edu>

Unknown <unknown> bbrqa <>
Unknown <unknown> otron <oddweb42+gith@gmail.com>
Unknown <unknown@cern.ch> root <root@centos8-test.cern.ch>
Unknown <unknown@cern.ch> root <root@littlexrdhttp.cern.ch>
Unknown <unknown@cern.ch> root <root@lxbre43a05.cern.ch>
Unknown <unknown@ucsd.edu> root <root@redirector.t2.ucsd.edu>
Unknown <unknown@ucsd.edu> xrootd <xrootd@cabinet-10-10-9.t2.ucsd.edu>
Unknown <unknown@stfc.ac.uk> root <root@host-172-16-113-181.nubes.stfc.ac.uk>
